{
  "model": "QnAce_Voice-Model.pth",
  "checkpoint_epoch": 14,
  "checkpoint_val_acc": 0.7729422894985809,
  "validation": {
    "accuracy": 73.60454115421003,
    "per_class": {
      "anger": 87.5,
      "fear": 57.22222222222222,
      "happy": 59.2964824120603,
      "neutral": 83.91959798994975,
      "sad": 71.93877551020408,
      "surprise": 89.01098901098901
    }
  },
  "test": {
    "accuracy": 73.37110481586402,
    "per_class": {
      "anger": 82.14285714285714,
      "fear": 58.5635359116022,
      "happy": 68.34170854271356,
      "neutral": 80.20304568527918,
      "sad": 75.38461538461539,
      "surprise": 75.82417582417582
    }
  }
}